area_name,brake_disc_thickness,brake_name,brake_system_type,brand,capacity_i,co2_emission_from_gkm,co2_emission_to_gkm,company,composite_name,emission_standard,end_of_production_to,end_of_sales_to,energy_type,front_brake_detail,front_brake_name,front_brake_outer_diameter,generation_year,gross_vehicle_weight,market_segment,model_code,model_url,output_power_hp,output_power_kw,power_train_type,power_transmission_type,power_transoutput_type,product_group_url,rear_brake_detail,rear_brake_name,rear_brake_outer_diameter,sales_geo_area,sales_horse_power_hp,start_of_production_from,start_of_sales_from,transmission,trim_name,trim_url,type_code,type_name,version_year,voltage_type
,,,,Yamaha,450.0,,,Yamaha Motor,YZ450F,,,,,,,,,109,,,https://www.yamaha-motor.com.au/products/motorcycle/off-road/motocross/yz450f,,,Fuel Injection,Chain,,https://www.yamaha-motor.com.au/products/motorcycle/off-road,,,,,,,,"Constant mesh, 5-speed",Motocross,https://www.yamaha-motor.com.au/products/motorcycle/off-road/motocross,,YZ450F,,
,,,,Yamaha,450.0,,,Yamaha Motor,YZ450FSP,,,,,,,,,109,,,https://www.yamaha-motor.com.au/products/motorcycle/off-road/motocross/yz450fsp,,,Fuel Injection,Chain,,https://www.yamaha-motor.com.au/products/motorcycle/off-road,,,,,,,,"Constant mesh, 5-speed",Motocross,https://www.yamaha-motor.com.au/products/motorcycle/off-road/motocross,,YZ450FSP,,
,,,,Yamaha,125.0,,,Yamaha Motor,YZ125,,,,,,,,,95,,,https://www.yamaha-motor.com.au/products/motorcycle/off-road/motocross/yz125,,,PWK38S,Chain,,https://www.yamaha-motor.com.au/products/motorcycle/off-road,,,,,,,,Constant mesh 6-speed,Motocross,https://www.yamaha-motor.com.au/products/motorcycle/off-road/motocross,,YZ125,,
,,,,Yamaha,249.0,,,Yamaha Motor,YZ250SP,,,,,,,,,103,,,https://www.yamaha-motor.com.au/products/motorcycle/off-road/motocross/yz250sp,,,PWK38S,Chain,,https://www.yamaha-motor.com.au/products/motorcycle/off-road,,,,,,,,Constant mesh 5-speed,Motocross,https://www.yamaha-motor.com.au/products/motorcycle/off-road/motocross,,YZ250SP,,
,,,,Yamaha,85.0,,,Yamaha Motor,YZ85,,,,,,,,,73,,,https://www.yamaha-motor.com.au/products/motorcycle/off-road/motocross/yz85,,,PWK28,Chain,,https://www.yamaha-motor.com.au/products/motorcycle/off-road,,,,,,,,Constant mesh 6-speed,Motocross,https://www.yamaha-motor.com.au/products/motorcycle/off-road/motocross,,YZ85,,
,,,,Yamaha,125.0,,,Yamaha Motor,YZ125SP,,,,,,,,,95,,,https://www.yamaha-motor.com.au/products/motorcycle/off-road/motocross/yz125sp,,,PWK38S,Chain,,https://www.yamaha-motor.com.au/products/motorcycle/off-road,,,,,,,,Constant mesh 6-speed,Motocross,https://www.yamaha-motor.com.au/products/motorcycle/off-road/motocross,,YZ125SP,,
,,,,Yamaha,124.0,,,Yamaha Motor,AG125,,,,,,,,,113,,,https://www.yamaha-motor.com.au/products/motorcycle/off-road/agriculture/ag125,,,Carburetter,Chain,,https://www.yamaha-motor.com.au/products/motorcycle/off-road,,,,,,,,Constant mesh 5-speed,Agriculture,https://www.yamaha-motor.com.au/products/motorcycle/off-road/agriculture,,AG125,,
,,,,Yamaha,196.0,,,Yamaha Motor,AG200F,,,,,,,,,128,,,https://www.yamaha-motor.com.au/products/motorcycle/off-road/agriculture/ag200f,,,BS26,Chain,,https://www.yamaha-motor.com.au/products/motorcycle/off-road,,,,,,,,Constant mesh 5-speed,Agriculture,https://www.yamaha-motor.com.au/products/motorcycle/off-road/agriculture,,AG200F,,
,,,,Yamaha,249.0,,,Yamaha Motor,YZ250,,,,,,,,,103,,,https://www.yamaha-motor.com.au/products/motorcycle/off-road/motocross/yz250,,,PWK38S,Chain,,https://www.yamaha-motor.com.au/products/motorcycle/off-road,,,,,,,,Constant mesh 5-speed,Motocross,https://www.yamaha-motor.com.au/products/motorcycle/off-road/motocross,,YZ250,,
,,,,Yamaha,250.0,,,Yamaha Motor,YZ250FSP,,,,,,,,,105,,,https://www.yamaha-motor.com.au/products/motorcycle/off-road/motocross/yz250fsp,,,Fuel Injection,Chain,,https://www.yamaha-motor.com.au/products/motorcycle/off-road,,,,,,,,Constant mesh 5-speed,Motocross,https://www.yamaha-motor.com.au/products/motorcycle/off-road/motocross,,YZ250FSP,,
,,,,Yamaha,64.8,,,Yamaha Motor,YZ65,,,,,,,,,60.8,,,https://www.yamaha-motor.com.au/products/motorcycle/off-road/motocross/yz65,,,Keihin Carburettor,Chain,,https://www.yamaha-motor.com.au/products/motorcycle/off-road,,,,,,,,Constant mesh 6-speed,Motocross,https://www.yamaha-motor.com.au/products/motorcycle/off-road/motocross,,YZ65,,
,,,,Yamaha,250.0,,,Yamaha Motor,YZ250F,,,,,,,,,105,,,https://www.yamaha-motor.com.au/products/motorcycle/off-road/motocross/yz250f,,,Fuel Injection,Chain,,https://www.yamaha-motor.com.au/products/motorcycle/off-road,,,,,,,,Constant mesh 5-speed,Motocross,https://www.yamaha-motor.com.au/products/motorcycle/off-road/motocross,,YZ250F,,
,,,,Yamaha,223.0,,,Yamaha Motor,TT-R230,,,,,,,,,114,,,https://www.yamaha-motor.com.au/products/motorcycle/off-road/agriculture/tt-r230,,,Y26P x 1,Chain,,https://www.yamaha-motor.com.au/products/motorcycle/off-road,,,,,,,,Constant mesh 6-speed,Agriculture,https://www.yamaha-motor.com.au/products/motorcycle/off-road/agriculture,,TT-R230,,
,,,,Yamaha,85.0,,,Yamaha Motor,YZ85LW,,,,,,,,,75,,,https://www.yamaha-motor.com.au/products/motorcycle/off-road/motocross/yz85lw,,,PWK28,Chain,,https://www.yamaha-motor.com.au/products/motorcycle/off-road,,,,,,,,Constant mesh 6-speed,Motocross,https://www.yamaha-motor.com.au/products/motorcycle/off-road/motocross,,YZ85LW,,
,,,,Yamaha,689.0,,,Yamaha Motor,Ténéré 700,,,,,,,,,206,,,https://www.yamaha-motor.com.au/products/motorcycle/off-road/adventure/ténéré-700,,,Fuel Injection,Chain,,https://www.yamaha-motor.com.au/products/motorcycle/off-road,,,,,,,,Constant mesh 6-speed,Adventure,https://www.yamaha-motor.com.au/products/motorcycle/off-road/adventure,,Ténéré 700,,
,,,,Yamaha,249.0,,,Yamaha Motor,YZ250X,,,,,,,,,104,,,https://www.yamaha-motor.com.au/products/motorcycle/off-road/enduro/yz250x,,,PWK38S Keihin,Chain,,https://www.yamaha-motor.com.au/products/motorcycle/off-road,,,,,,,,Constant mesh 5-speed,Enduro,https://www.yamaha-motor.com.au/products/motorcycle/off-road/enduro,,YZ250X,,
,,,,Yamaha,50.0,,,Yamaha Motor,TT-R50E,,,,,,,,,57,,,https://www.yamaha-motor.com.au/products/motorcycle/off-road/fun/tt-r50e,,,VM11,Chain,,https://www.yamaha-motor.com.au/products/motorcycle/off-road,,,,,,,,Constant mesh 3-speed,Fun,https://www.yamaha-motor.com.au/products/motorcycle/off-road/fun,,TT-R50E,,
,,,,Yamaha,124.0,,,Yamaha Motor,TT-R125LWE,,,,,,,,,90,,,https://www.yamaha-motor.com.au/products/motorcycle/off-road/fun/tt-r125lwe,,,VM20 x 1,Chain,,https://www.yamaha-motor.com.au/products/motorcycle/off-road,,,,,,,,Constant mesh 5-speed,Fun,https://www.yamaha-motor.com.au/products/motorcycle/off-road/fun,,TT-R125LWE,,
,,,,Yamaha,450.0,,,Yamaha Motor,YZ450FX,,,,,,,,,116,,,https://www.yamaha-motor.com.au/products/motorcycle/off-road/enduro/yz450fx,,,Fuel Injection,Chain,,https://www.yamaha-motor.com.au/products/motorcycle/off-road,,,,,,,,Constant mesh 5-speed,Enduro,https://www.yamaha-motor.com.au/products/motorcycle/off-road/enduro,,YZ450FX,,
,,,,Yamaha,689.0,,,Yamaha Motor,Tracer 7,,,,,Hydraulic dual discs,,298mm,,197,,,https://www.yamaha-motor.com.au/products/motorcycle/road/sport-touring/tracer-7,,,Fuel Injection,Chain,,https://www.yamaha-motor.com.au/products/motorcycle/road,Hydraulic dual discs,,298mm,,,,,Constant mesh 6-speed,Sport Touring,https://www.yamaha-motor.com.au/products/motorcycle/road/sport-touring,,Tracer 7,,
,,,,Yamaha,847.0,,,Yamaha Motor,NIKEN GT,,,,,,,,,267,,,https://www.yamaha-motor.com.au/products/motorcycle/road/sport-touring/niken-gt,,,Fuel Injection,Chain,,https://www.yamaha-motor.com.au/products/motorcycle/road,,,,,,,,Constant mesh 6-speed,Sport Touring,https://www.yamaha-motor.com.au/products/motorcycle/road/sport-touring,,NIKEN GT,,
,,,,Yamaha,110.0,,,Yamaha Motor,TT-R110E,,,,,,,,,72,,,https://www.yamaha-motor.com.au/products/motorcycle/off-road/fun/tt-r110e,,,VM16,Chain,,https://www.yamaha-motor.com.au/products/motorcycle/off-road,,,,,,,,Constant mesh 4-speed,Fun,https://www.yamaha-motor.com.au/products/motorcycle/off-road/fun,,TT-R110E,,
,,,,Yamaha,223.0,,,Yamaha Motor,TT-R230,,,,,,,,,114,,,https://www.yamaha-motor.com.au/products/motorcycle/off-road/agriculture/tt-r230,,,Y26P x 1,Chain,,https://www.yamaha-motor.com.au/products/motorcycle/off-road,,,,,,,,Constant mesh 6-speed,Fun,https://www.yamaha-motor.com.au/products/motorcycle/off-road/fun,,TT-R230,,
,,,,Yamaha,250.0,,,Yamaha Motor,WR250F,,,,,,,,,115,,,https://www.yamaha-motor.com.au/products/motorcycle/off-road/enduro/wr250f,,,Fuel Injection,Chain,,https://www.yamaha-motor.com.au/products/motorcycle/off-road,,,,,,,,Constant mesh 6-speed,Enduro,https://www.yamaha-motor.com.au/products/motorcycle/off-road/enduro,,WR250F,,
,,,,Yamaha,155.0,,,Yamaha Motor,Tricity 155,,,,,Hydraulic dual discs,,220mm,,172,,,https://www.yamaha-motor.com.au/products/motorcycle/road/scooter/tricity-155,,,Fuel Injection,Gear,,https://www.yamaha-motor.com.au/products/motorcycle/road,Hydraulic dual discs,,220mm,,,,,V-Belt Automatic,Scooter,https://www.yamaha-motor.com.au/products/motorcycle/road/scooter,,Tricity 155,,
,,,,Yamaha,321.0,,,Yamaha Motor,MT-03,,,,,Hydraulic single disc,,298mm,,168,,,https://www.yamaha-motor.com.au/products/motorcycle/road/maximum-torque/mt-03,,,Fuel Injection,Chain,,https://www.yamaha-motor.com.au/products/motorcycle/road,Hydraulic single disc,,298mm,,,,,Constant mesh 6-speed,Maximum Torque,https://www.yamaha-motor.com.au/products/motorcycle/road/maximum-torque,,MT-03,,
,,,,Yamaha,655.0,,,Yamaha Motor,XSR700,,,,,Hydraulic dual discs,,282mm,,186,,,https://www.yamaha-motor.com.au/products/motorcycle/road/sport-heritage/xsr700,,,Fuel Injection,Chain,,https://www.yamaha-motor.com.au/products/motorcycle/road,Hydraulic dual discs,,282mm,,,,,Constant mesh 6-speed,Sport Heritage,https://www.yamaha-motor.com.au/products/motorcycle/road/sport-heritage,,XSR700,,
,,,,Yamaha,655.0,,,Yamaha Motor,MT-07LA,,,,,Hydraulic dual discs,,298mm,,184,,,https://www.yamaha-motor.com.au/products/motorcycle/road/maximum-torque/mt-07la,,,Fuel Injection,Chain,,https://www.yamaha-motor.com.au/products/motorcycle/road,Hydraulic dual discs,,298mm,,,,,Constant mesh 6-speed,Maximum Torque,https://www.yamaha-motor.com.au/products/motorcycle/road/maximum-torque,,MT-07LA,,
,,,,Yamaha,125.0,,,Yamaha Motor,YZ125X,,,,,,,,,96,,,https://www.yamaha-motor.com.au/products/motorcycle/off-road/enduro/yz125x,,,PWK38S,Chain,,https://www.yamaha-motor.com.au/products/motorcycle/off-road,,,,,,,,Constant mesh 6-speed,Enduro,https://www.yamaha-motor.com.au/products/motorcycle/off-road/enduro,,YZ125X,,
,,,,Yamaha,155.0,,,Yamaha Motor,NMAX 155,,,,,,,,,127,,,https://www.yamaha-motor.com.au/products/motorcycle/road/scooter/nmax-155,,,Fuel Injection,Gear,,https://www.yamaha-motor.com.au/products/motorcycle/road,,,,,,,,V-Belt Automatic,Scooter,https://www.yamaha-motor.com.au/products/motorcycle/road/scooter,,NMAX 155,,
,,,,Yamaha,890.0,,,Yamaha Motor,Tracer 9 GT Plus,,,,,,,,,223,,,https://www.yamaha-motor.com.au/products/motorcycle/road/sport-touring/tracer-9-gt-plus,,,Fuel Injection,Chain,,https://www.yamaha-motor.com.au/products/motorcycle/road,,,,,,,,Constant mesh 6-speed,Sport Touring,https://www.yamaha-motor.com.au/products/motorcycle/road/sport-touring,,Tracer 9 GT Plus,,
,,,,Yamaha,250.0,,,Yamaha Motor,YZ250FX,,,,,,,,,111,,,https://www.yamaha-motor.com.au/products/motorcycle/off-road/enduro/yz250fx,,,Fuel Injection,Chain,,https://www.yamaha-motor.com.au/products/motorcycle/off-road,,,,,,,,Constant mesh 6-speed,Enduro,https://www.yamaha-motor.com.au/products/motorcycle/off-road/enduro,,YZ250FX,,
,,,,Yamaha,689.0,,,Yamaha Motor,MT-07HO,,,,,Hydraulic dual discs,,298mm,,184,,,https://www.yamaha-motor.com.au/products/motorcycle/road/maximum-torque/mt-07ho,,,Fuel Injection,Chain,,https://www.yamaha-motor.com.au/products/motorcycle/road,Hydraulic dual discs,,298mm,,,,,Constant mesh 6-speed,Maximum Torque,https://www.yamaha-motor.com.au/products/motorcycle/road/maximum-torque,,MT-07HO,,
,,,,Yamaha,49.0,,,Yamaha Motor,PW50,,,,,,,,,41,,,https://www.yamaha-motor.com.au/products/motorcycle/off-road/fun/pw50,,,VM12,Shaft,,https://www.yamaha-motor.com.au/products/motorcycle/off-road,,,,,,,,Automatic,Fun,https://www.yamaha-motor.com.au/products/motorcycle/off-road/fun,,PW50,,
,,,,Yamaha,125.0,,,Yamaha Motor,D'elight 125,,,,,,,,,101,,,https://www.yamaha-motor.com.au/products/motorcycle/road/scooter/d'elight-125,,,Fuel Injection,Gear,,https://www.yamaha-motor.com.au/products/motorcycle/road,,,,,,,,V-Belt Automatic,Scooter,https://www.yamaha-motor.com.au/products/motorcycle/road/scooter,,D'elight 125,,
,,,,Yamaha,292.0,,,Yamaha Motor,XMAX 300,,,,,Hydraulic single disc,,267mm,,181,,,https://www.yamaha-motor.com.au/products/motorcycle/road/scooter/xmax-300,,,Fuel Injection,Belt,,https://www.yamaha-motor.com.au/products/motorcycle/road,Hydraulic single disc,,267mm,,,,,V-Belt Automatic,Scooter,https://www.yamaha-motor.com.au/products/motorcycle/road/scooter,,XMAX 300,,
,,,,Yamaha,998.0,,,Yamaha Motor,MT-10SP,,,,,,,,,214,,,https://www.yamaha-motor.com.au/products/motorcycle/road/maximum-torque/mt-10sp,,,Fuel Injection,Chain,,https://www.yamaha-motor.com.au/products/motorcycle/road,,,,,,,,Constant mesh 6-speed,Maximum Torque,https://www.yamaha-motor.com.au/products/motorcycle/road/maximum-torque,,MT-10SP,,
,,,,Yamaha,998.0,,,Yamaha Motor,MT-10,,,,,,,,,212,,,https://www.yamaha-motor.com.au/products/motorcycle/road/maximum-torque/mt-10,,,Fuel Injection,Chain,,https://www.yamaha-motor.com.au/products/motorcycle/road,,,,,,,,Constant mesh 6-speed,Maximum Torque,https://www.yamaha-motor.com.au/products/motorcycle/road/maximum-torque,,MT-10,,
,,,,Yamaha,292.0,,,Yamaha Motor,Tricity 300,,,,,Hydraulic dual discs,,267mm,,237,,,https://www.yamaha-motor.com.au/products/motorcycle/road/scooter/tricity-300,,,Fuel Injection,Gear,,https://www.yamaha-motor.com.au/products/motorcycle/road,Hydraulic dual discs,,267mm,,,,,V-Belt Automatic,Scooter,https://www.yamaha-motor.com.au/products/motorcycle/road/scooter,,Tricity 300,,
,,,,Yamaha,889.0,,,Yamaha Motor,XSR900,,,,,Hydraulic dual discs,,298mm,,193,,,https://www.yamaha-motor.com.au/products/motorcycle/road/sport-heritage/xsr900,,,Fuel Injection,Chain,,https://www.yamaha-motor.com.au/products/motorcycle/road,Hydraulic dual discs,,298mm,,,,,Constant mesh 6-speed,Sport Heritage,https://www.yamaha-motor.com.au/products/motorcycle/road/sport-heritage,,XSR900,,
,,,,Yamaha,450.0,,,Yamaha Motor,WR450F,,,,,,,,,119,,,https://www.yamaha-motor.com.au/products/motorcycle/off-road/enduro/wr450f,,,Fuel Injection,Chain,,https://www.yamaha-motor.com.au/products/motorcycle/off-road,,,,,,,,Constant mesh 5-speed,Enduro,https://www.yamaha-motor.com.au/products/motorcycle/off-road/enduro,,WR450F,,
,,,,Yamaha,562.0,,,Yamaha Motor,TMAX 560,,,,,Hydraulic dual discs,,267mm,,220,,,https://www.yamaha-motor.com.au/products/motorcycle/road/scooter/tmax-560,,,Fuel Injection,Belt,,https://www.yamaha-motor.com.au/products/motorcycle/road,Hydraulic dual discs,,267mm,,,,,V-Belt Automatic,Scooter,https://www.yamaha-motor.com.au/products/motorcycle/road/scooter,,TMAX 560,,
,,,,Yamaha,889.0,,,Yamaha Motor,MT-09SP,,,,,Hydraulic dual discs,,298mm,,190,,,https://www.yamaha-motor.com.au/products/motorcycle/road/maximum-torque/mt-09sp,,,Fuel Injection,Chain,,https://www.yamaha-motor.com.au/products/motorcycle/road,Hydraulic dual discs,,298mm,,,,,Constant mesh 6-speed,Maximum Torque,https://www.yamaha-motor.com.au/products/motorcycle/road/maximum-torque,,MT-09SP,,
,,,,Yamaha,1298.0,,,Yamaha Motor,FJR1300AE,,,,,,,,,292,,,https://www.yamaha-motor.com.au/products/motorcycle/road/sport-touring/fjr1300ae,,,Fuel Injection,Shaft,,https://www.yamaha-motor.com.au/products/motorcycle/road,,,,,,,,Constant mesh 6-speed,Sport Touring,https://www.yamaha-motor.com.au/products/motorcycle/road/sport-touring,,FJR1300AE,,
,,,,Yamaha,689.0,,,Yamaha Motor,Ténéré 700 World Raid,,,,,,,,,220,,,https://www.yamaha-motor.com.au/products/motorcycle/off-road/adventure/ténéré-700-world-raid,,,Fuel Injection,Chain,,https://www.yamaha-motor.com.au/products/motorcycle/off-road,,,,,,,,Constant mesh 6-speed,Adventure,https://www.yamaha-motor.com.au/products/motorcycle/off-road/adventure,,Ténéré 700 World Raid,,
,,,,Yamaha,889.0,,,Yamaha Motor,MT-09,,,,,Hydraulic dual discs,,298mm,,189,,,https://www.yamaha-motor.com.au/products/motorcycle/road/maximum-torque/mt-09,,,Fuel Injection,Chain,,https://www.yamaha-motor.com.au/products/motorcycle/road,Hydraulic dual discs,,298mm,,,,,Constant mesh 6-speed,Maximum Torque,https://www.yamaha-motor.com.au/products/motorcycle/road/maximum-torque,,MT-09,,
,,,,Yamaha,1199.0,,,Yamaha Motor,Super Ténéré,,,,,,,,,265,,,https://www.yamaha-motor.com.au/products/motorcycle/off-road/adventure/super-ténéré,,,Fuel Injection,Shaft drive with hypoid gear design,,https://www.yamaha-motor.com.au/products/motorcycle/off-road,,,,,,,,Constant mesh 6-speed,Adventure,https://www.yamaha-motor.com.au/products/motorcycle/off-road/adventure,,Super Ténéré,,
,,,,Yamaha,655.0,,,Yamaha Motor,YZF-R7LA,,,,,Hydraulic dual discs,,298mm,,188,,,https://www.yamaha-motor.com.au/products/motorcycle/road/supersport/yzf-r7la,,,Fuel Injection,Chain,,https://www.yamaha-motor.com.au/products/motorcycle/road,Hydraulic dual discs,,298mm,,,,,Constant mesh 6-speed,Supersport,https://www.yamaha-motor.com.au/products/motorcycle/road/supersport,,YZF-R7LA,,
,,,,Yamaha,689.0,,,Yamaha Motor,YZF-R7HO,,,,,Hydraulic dual discs,,298mm,,188,,,https://www.yamaha-motor.com.au/products/motorcycle/road/supersport/yzf-r7ho,,,Fuel Injection,Chain,,https://www.yamaha-motor.com.au/products/motorcycle/road,Hydraulic dual discs,,298mm,,,,,Constant mesh 6-speed,Supersport,https://www.yamaha-motor.com.au/products/motorcycle/road/supersport,,YZF-R7HO,,
,,,,Yamaha,998.0,,,Yamaha Motor,YZF-R1M,,,,,Hydraulic dual discs,,320mm,,202,,,https://www.yamaha-motor.com.au/products/motorcycle/road/supersport/yzf-r1m,,,Fuel Injection,Chain,,https://www.yamaha-motor.com.au/products/motorcycle/road,Hydraulic dual discs,,320mm,,,,,Constant mesh 6-speed,Supersport,https://www.yamaha-motor.com.au/products/motorcycle/road/supersport,,YZF-R1M,,
,,,,Yamaha,599.0,,,Yamaha Motor,YZF-R6,,,,,Hydraulic dual discs,,320mm,,185,,,https://www.yamaha-motor.com.au/products/motorcycle/road/supersport/yzf-r6,,,Fuel Injection,Chain,,https://www.yamaha-motor.com.au/products/motorcycle/road,Hydraulic dual discs,,320mm,,,,,Constant mesh 6-speed,Supersport,https://www.yamaha-motor.com.au/products/motorcycle/road/supersport,,YZF-R6,,
,,,,Yamaha,155.0,,,Yamaha Motor,YZF-R15M,,,,,,,,,140,,,https://www.yamaha-motor.com.au/products/motorcycle/road/supersport/yzf-r15m,,,Fuel Injection,Chain,,https://www.yamaha-motor.com.au/products/motorcycle/road,,,,,,,,Constant mesh 6-speed,Supersport,https://www.yamaha-motor.com.au/products/motorcycle/road/supersport,,YZF-R15M,,
,,,,Yamaha,998.0,,,Yamaha Motor,YZF-R1,,,,,Hydraulic dual discs,,320mm,,201,,,https://www.yamaha-motor.com.au/products/motorcycle/road/supersport/yzf-r1,,,Fuel Injection,Chain,,https://www.yamaha-motor.com.au/products/motorcycle/road,Hydraulic dual discs,,320mm,,,,,Constant mesh 6-speed,Supersport,https://www.yamaha-motor.com.au/products/motorcycle/road/supersport,,YZF-R1,,
,,,,Yamaha,321.0,,,Yamaha Motor,YZF-R3,,,,,Hydraulic single disc,,298mm,,167,,,https://www.yamaha-motor.com.au/products/motorcycle/road/supersport/yzf-r3,,,Fuel Injection,Chain,,https://www.yamaha-motor.com.au/products/motorcycle/road,Hydraulic single disc,,298mm,,,,,Constant mesh 6-speed,Supersport,https://www.yamaha-motor.com.au/products/motorcycle/road/supersport,,YZF-R3,,
